series_id,label,year,month,date,value
CUURS12ASA0,"All items",2017,1,2017-01-01,266.917
CUURS12ASA0,"All items",2017,2,2017-02-01,267.662
CUURS12ASA0,"All items",2017,3,2017-03-01,267.582
CUURS12ASA0,"All items",2017,4,2017-04-01,267.948
CUURS12ASA0,"All items",2017,5,2017-05-01,268.183
CUURS12ASA0,"All items",2017,6,2017-06-01,268.666
CUURS12ASA0,"All items",2017,7,2017-07-01,268.051
CUURS12ASA0,"All items",2017,8,2017-08-01,268.657
CUURS12ASA0,"All items",2017,9,2017-09-01,270.059
CUURS12ASA0,"All items",2017,10,2017-10-01,269.575
CUURS12ASA0,"All items",2017,11,2017-11-01,269.381
CUURS12ASA0,"All items",2017,12,2017-12-01,269.564
CUURS12ASA0,"All items",2018,1,2018-01-01,270.771
CUURS12ASA0,"All items",2018,2,2018-02-01,272.214
CUURS12ASA0,"All items",2018,3,2018-03-01,272.196
CUURS12ASA0,"All items",2018,4,2018-04-01,272.95
CUURS12ASA0,"All items",2018,5,2018-05-01,274.001
CUURS12ASA0,"All items",2018,6,2018-06-01,274.17
CUURS12ASA0,"All items",2018,7,2018-07-01,274.073
CUURS12ASA0,"All items",2018,8,2018-08-01,274.441
CUURS12ASA0,"All items",2018,9,2018-09-01,275.455
CUURS12ASA0,"All items",2018,10,2018-10-01,275.101
CUURS12ASA0,"All items",2018,11,2018-11-01,274.478
CUURS12ASA0,"All items",2018,12,2018-12-01,273.836
CUURS12ASA0,"All items",2019,1,2019-01-01,275.144
CUURS12ASA0,"All items",2019,2,2019-02-01,275.823
CUURS12ASA0,"All items",2019,3,2019-03-01,276.57
CUURS12ASA0,"All items",2019,4,2019-04-01,277.441
CUURS12ASA0,"All items",2019,5,2019-05-01,278.068
CUURS12ASA0,"All items",2019,6,2019-06-01,278.802
CUURS12ASA0,"All items",2019,7,2019-07-01,278.817
CUURS12ASA0,"All items",2019,8,2019-08-01,279.428
CUURS12ASA0,"All items",2019,9,2019-09-01,279.338
CUURS12ASA0,"All items",2019,10,2019-10-01,279.255
CUURS12ASA0,"All items",2019,11,2019-11-01,279.468
CUURS12ASA0,"All items",2019,12,2019-12-01,279.816
CUURS12ASA0,"All items",2020,1,2020-01-01,282.02
CUURS12ASA0,"All items",2020,2,2020-02-01,282.577
CUURS12ASA0,"All items",2020,3,2020-03-01,281.975
CUURS12ASA0,"All items",2020,4,2020-04-01,280.623
CUURS12ASA0,"All items",2020,5,2020-05-01,282.092
CUURS12ASA0,"All items",2020,6,2020-06-01,282.333
CUURS12ASA0,"All items",2020,7,2020-07-01,283.624
CUURS12ASA0,"All items",2020,8,2020-08-01,283.478
CUURS12ASA0,"All items",2020,9,2020-09-01,284.551
CUURS12ASA0,"All items",2020,10,2020-10-01,284.121
CUURS12ASA0,"All items",2020,11,2020-11-01,283.291
CUURS12ASA0,"All items",2020,12,2020-12-01,284.35
CUURS12ASA0,"All items",2021,1,2021-01-01,285.525
CUURS12ASA0,"All items",2021,2,2021-02-01,286.474
CUURS12ASA0,"All items",2021,3,2021-03-01,287.481
CUURS12ASA0,"All items",2021,4,2021-04-01,289.493
CUURS12ASA0,"All items",2021,5,2021-05-01,290.991
CUURS12ASA0,"All items",2021,6,2021-06-01,293.872
CUURS12ASA0,"All items",2021,7,2021-07-01,293.553
CUURS12ASA0,"All items",2021,8,2021-08-01,293.927
CUURS12ASA0,"All items",2021,9,2021-09-01,295.488
CUURS12ASA0,"All items",2021,10,2021-10-01,296.472
CUURS12ASA0,"All items",2021,11,2021-11-01,297.49
CUURS12ASA0,"All items",2021,12,2021-12-01,296.865
CUURS12ASA0,"All items",2022,1,2022-01-01,300.164
CUURS12ASA0,"All items",2022,2,2022-02-01,301.151
CUURS12ASA0,"All items",2022,3,2022-03-01,305.024
CUURS12ASA0,"All items",2022,4,2022-04-01,307.781
CUURS12ASA0,"All items",2022,5,2022-05-01,309.243
CUURS12ASA0,"All items",2022,6,2022-06-01,313.589
CUURS12ASA0,"All items",2022,7,2022-07-01,312.615
CUURS12ASA0,"All items",2022,8,2022-08-01,313.28
CUURS12ASA0,"All items",2022,9,2022-09-01,313.88
CUURS12ASA0,"All items",2022,10,2022-10-01,314.338
CUURS12ASA0,"All items",2022,11,2022-11-01,314.975
CUURS12ASA0,"All items",2022,12,2022-12-01,315.656
CUURS12ASA0,"All items",2023,1,2023-01-01,318.151
CUURS12ASA0,"All items",2023,2,2023-02-01,319.295
CUURS12ASA0,"All items",2023,3,2023-03-01,319.038
CUURS12ASA0,"All items",2023,4,2023-04-01,319.211
CUURS12ASA0,"All items",2023,5,2023-05-01,320.002
CUURS12ASA0,"All items",2023,6,2023-06-01,321.29
CUURS12ASA0,"All items",2023,7,2023-07-01,322.496
CUURS12ASA0,"All items",2023,8,2023-08-01,324.38
CUURS12ASA0,"All items",2023,9,2023-09-01,325.613
CUURS12ASA0,"All items",2023,10,2023-10-01,325.288
CUURS12ASA0,"All items",2023,11,2023-11-01,324.52
CUURS12ASA0,"All items",2023,12,2023-12-01,324.691
CUURS12ASA0,"All items",2024,1,2024-01-01,328.006
CUURS12ASA0,"All items",2024,2,2024-02-01,328.606
CUURS12ASA0,"All items",2024,3,2024-03-01,329.829
CUURS12ASA0,"All items",2024,4,2024-04-01,331.27
CUURS12ASA0,"All items",2024,5,2024-05-01,332.633
CUURS12ASA0,"All items",2024,6,2024-06-01,334.782
CUURS12ASA0,"All items",2024,7,2024-07-01,335.642
CUURS12ASA0,"All items",2024,8,2024-08-01,336.534
CUURS12ASA0,"All items",2024,9,2024-09-01,337.889
CUURS12ASA0,"All items",2024,10,2024-10-01,338.166
CUURS12ASA0,"All items",2024,11,2024-11-01,338.535
CUURS12ASA0,"All items",2024,12,2024-12-01,338.61
CUURS12ASA0,"All items",2025,1,2025-01-01,341.144
CUURS12ASA0,"All items",2025,2,2025-02-01,342.333
CUURS12ASA0,"All items",2025,3,2025-03-01,342.508
CUURS12ASA0,"All items",2025,4,2025-04-01,344.047
CUURS12ASA0,"All items",2025,5,2025-05-01,343.886
CUURS12ASA0,"All items",2025,6,2025-06-01,346.332
CUURS12ASA0,"All items",2025,7,2025-07-01,346.385
CUURS12ASA0,"All items",2025,8,2025-08-01,347.266
CUURS12ASA0,"All items",2025,9,2025-09-01,348.096
CUURS12ASA0,"All items",2025,11,2025-11-01,348.62
CUURS12ASA0,"All items",2025,12,2025-12-01,350.003
CUURS12ASA0,"All items",2026,1,2026-01-01,350.947
CUURS12ASA0,"All items",2026,2,2026-02-01,353.366
CUURS12ASA0,"All items",2026,3,2026-03-01,356.169
CUURS12ASAF1,"Food",2017,1,2017-01-01,258.298
CUURS12ASAF1,"Food",2017,2,2017-02-01,258.088
CUURS12ASAF1,"Food",2017,3,2017-03-01,259.498
CUURS12ASAF1,"Food",2017,4,2017-04-01,260.674
CUURS12ASAF1,"Food",2017,5,2017-05-01,260.113
CUURS12ASAF1,"Food",2017,6,2017-06-01,260.545
CUURS12ASAF1,"Food",2017,7,2017-07-01,261.032
CUURS12ASAF1,"Food",2017,8,2017-08-01,261.084
CUURS12ASAF1,"Food",2017,9,2017-09-01,261.243
CUURS12ASAF1,"Food",2017,10,2017-10-01,262.309
CUURS12ASAF1,"Food",2017,11,2017-11-01,262.244
CUURS12ASAF1,"Food",2017,12,2017-12-01,262.646
CUURS12ASAF1,"Food",2018,1,2018-01-01,263.302
CUURS12ASAF1,"Food",2018,2,2018-02-01,264.022
CUURS12ASAF1,"Food",2018,3,2018-03-01,263.802
CUURS12ASAF1,"Food",2018,4,2018-04-01,265.777
CUURS12ASAF1,"Food",2018,5,2018-05-01,266.126
CUURS12ASAF1,"Food",2018,6,2018-06-01,266.74
CUURS12ASAF1,"Food",2018,7,2018-07-01,267.302
CUURS12ASAF1,"Food",2018,8,2018-08-01,267.423
CUURS12ASAF1,"Food",2018,9,2018-09-01,269.323
CUURS12ASAF1,"Food",2018,10,2018-10-01,267.978
CUURS12ASAF1,"Food",2018,11,2018-11-01,267.775
CUURS12ASAF1,"Food",2018,12,2018-12-01,268.381
CUURS12ASAF1,"Food",2019,1,2019-01-01,269.865
CUURS12ASAF1,"Food",2019,2,2019-02-01,270.046
CUURS12ASAF1,"Food",2019,3,2019-03-01,270.756
CUURS12ASAF1,"Food",2019,4,2019-04-01,270.294
CUURS12ASAF1,"Food",2019,5,2019-05-01,269.643
CUURS12ASAF1,"Food",2019,6,2019-06-01,271.257
CUURS12ASAF1,"Food",2019,7,2019-07-01,270.351
CUURS12ASAF1,"Food",2019,8,2019-08-01,271.882
CUURS12ASAF1,"Food",2019,9,2019-09-01,272.104
CUURS12ASAF1,"Food",2019,10,2019-10-01,273.37
CUURS12ASAF1,"Food",2019,11,2019-11-01,271.226
CUURS12ASAF1,"Food",2019,12,2019-12-01,272.678
CUURS12ASAF1,"Food",2020,1,2020-01-01,274.07
CUURS12ASAF1,"Food",2020,2,2020-02-01,274.12
CUURS12ASAF1,"Food",2020,3,2020-03-01,274.371
CUURS12ASAF1,"Food",2020,4,2020-04-01,281.38
CUURS12ASAF1,"Food",2020,5,2020-05-01,284.654
CUURS12ASAF1,"Food",2020,6,2020-06-01,284.462
CUURS12ASAF1,"Food",2020,7,2020-07-01,282.301
CUURS12ASAF1,"Food",2020,8,2020-08-01,282.44
CUURS12ASAF1,"Food",2020,9,2020-09-01,282.165
CUURS12ASAF1,"Food",2020,10,2020-10-01,283.504
CUURS12ASAF1,"Food",2020,11,2020-11-01,283.049
CUURS12ASAF1,"Food",2020,12,2020-12-01,283.892
CUURS12ASAF1,"Food",2021,1,2021-01-01,283.787
CUURS12ASAF1,"Food",2021,2,2021-02-01,284.173
CUURS12ASAF1,"Food",2021,3,2021-03-01,285.064
CUURS12ASAF1,"Food",2021,4,2021-04-01,287.25
CUURS12ASAF1,"Food",2021,5,2021-05-01,287.277
CUURS12ASAF1,"Food",2021,6,2021-06-01,289.528
CUURS12ASAF1,"Food",2021,7,2021-07-01,291.792
CUURS12ASAF1,"Food",2021,8,2021-08-01,293.132
CUURS12ASAF1,"Food",2021,9,2021-09-01,297.658
CUURS12ASAF1,"Food",2021,10,2021-10-01,299.049
CUURS12ASAF1,"Food",2021,11,2021-11-01,301.334
CUURS12ASAF1,"Food",2021,12,2021-12-01,302.121
CUURS12ASAF1,"Food",2022,1,2022-01-01,305.12
CUURS12ASAF1,"Food",2022,2,2022-02-01,307.079
CUURS12ASAF1,"Food",2022,3,2022-03-01,307.94
CUURS12ASAF1,"Food",2022,4,2022-04-01,312.658
CUURS12ASAF1,"Food",2022,5,2022-05-01,314.914
CUURS12ASAF1,"Food",2022,6,2022-06-01,315.948
CUURS12ASAF1,"Food",2022,7,2022-07-01,321.624
CUURS12ASAF1,"Food",2022,8,2022-08-01,322.899
CUURS12ASAF1,"Food",2022,9,2022-09-01,322.838
CUURS12ASAF1,"Food",2022,10,2022-10-01,324.816
CUURS12ASAF1,"Food",2022,11,2022-11-01,327.358
CUURS12ASAF1,"Food",2022,12,2022-12-01,328.103
CUURS12ASAF1,"Food",2023,1,2023-01-01,330.715
CUURS12ASAF1,"Food",2023,2,2023-02-01,330.955
CUURS12ASAF1,"Food",2023,3,2023-03-01,332.515
CUURS12ASAF1,"Food",2023,4,2023-04-01,333.502
CUURS12ASAF1,"Food",2023,5,2023-05-01,331.137
CUURS12ASAF1,"Food",2023,6,2023-06-01,332.95
CUURS12ASAF1,"Food",2023,7,2023-07-01,332.929
CUURS12ASAF1,"Food",2023,8,2023-08-01,332.496
CUURS12ASAF1,"Food",2023,9,2023-09-01,334.336
CUURS12ASAF1,"Food",2023,10,2023-10-01,336.258
CUURS12ASAF1,"Food",2023,11,2023-11-01,336.151
CUURS12ASAF1,"Food",2023,12,2023-12-01,336.391
CUURS12ASAF1,"Food",2024,1,2024-01-01,338.232
CUURS12ASAF1,"Food",2024,2,2024-02-01,336.813
CUURS12ASAF1,"Food",2024,3,2024-03-01,336.438
CUURS12ASAF1,"Food",2024,4,2024-04-01,338.799
CUURS12ASAF1,"Food",2024,5,2024-05-01,337.816
CUURS12ASAF1,"Food",2024,6,2024-06-01,339.65
CUURS12ASAF1,"Food",2024,7,2024-07-01,338.577
CUURS12ASAF1,"Food",2024,8,2024-08-01,338.649
CUURS12ASAF1,"Food",2024,9,2024-09-01,341.228
CUURS12ASAF1,"Food",2024,10,2024-10-01,341.038
CUURS12ASAF1,"Food",2024,11,2024-11-01,342.364
CUURS12ASAF1,"Food",2024,12,2024-12-01,344.065
CUURS12ASAF1,"Food",2025,1,2025-01-01,344.081
CUURS12ASAF1,"Food",2025,2,2025-02-01,345.956
CUURS12ASAF1,"Food",2025,3,2025-03-01,347.076
CUURS12ASAF1,"Food",2025,4,2025-04-01,345.045
CUURS12ASAF1,"Food",2025,5,2025-05-01,347.513
CUURS12ASAF1,"Food",2025,6,2025-06-01,347.573
CUURS12ASAF1,"Food",2025,7,2025-07-01,350.252
CUURS12ASAF1,"Food",2025,8,2025-08-01,350.956
CUURS12ASAF1,"Food",2025,9,2025-09-01,353.326
CUURS12ASAF1,"Food",2025,11,2025-11-01,355.302
CUURS12ASAF1,"Food",2025,12,2025-12-01,354.588
CUURS12ASAF1,"Food",2026,1,2026-01-01,355.665
CUURS12ASAF1,"Food",2026,2,2026-02-01,357.858
CUURS12ASAF1,"Food",2026,3,2026-03-01,358.434
CUURS12ASAF11,"Food at home",2017,1,2017-01-01,249.82
CUURS12ASAF11,"Food at home",2017,2,2017-02-01,249.874
CUURS12ASAF11,"Food at home",2017,3,2017-03-01,250.689
CUURS12ASAF11,"Food at home",2017,4,2017-04-01,252.619
CUURS12ASAF11,"Food at home",2017,5,2017-05-01,251.321
CUURS12ASAF11,"Food at home",2017,6,2017-06-01,252.02
CUURS12ASAF11,"Food at home",2017,7,2017-07-01,252.61
CUURS12ASAF11,"Food at home",2017,8,2017-08-01,252.606
CUURS12ASAF11,"Food at home",2017,9,2017-09-01,252.197
CUURS12ASAF11,"Food at home",2017,10,2017-10-01,253.405
CUURS12ASAF11,"Food at home",2017,11,2017-11-01,252.759
CUURS12ASAF11,"Food at home",2017,12,2017-12-01,252.929
CUURS12ASAF11,"Food at home",2018,1,2018-01-01,253.655
CUURS12ASAF11,"Food at home",2018,2,2018-02-01,254.308
CUURS12ASAF11,"Food at home",2018,3,2018-03-01,253.35
CUURS12ASAF11,"Food at home",2018,4,2018-04-01,255.712
CUURS12ASAF11,"Food at home",2018,5,2018-05-01,254.915
CUURS12ASAF11,"Food at home",2018,6,2018-06-01,255.693
CUURS12ASAF11,"Food at home",2018,7,2018-07-01,256.679
CUURS12ASAF11,"Food at home",2018,8,2018-08-01,256.82
CUURS12ASAF11,"Food at home",2018,9,2018-09-01,259.499
CUURS12ASAF11,"Food at home",2018,10,2018-10-01,257.363
CUURS12ASAF11,"Food at home",2018,11,2018-11-01,256.92
CUURS12ASAF11,"Food at home",2018,12,2018-12-01,257.467
CUURS12ASAF11,"Food at home",2019,1,2019-01-01,259.288
CUURS12ASAF11,"Food at home",2019,2,2019-02-01,258.689
CUURS12ASAF11,"Food at home",2019,3,2019-03-01,259.546
CUURS12ASAF11,"Food at home",2019,4,2019-04-01,258.348
CUURS12ASAF11,"Food at home",2019,5,2019-05-01,256.611
CUURS12ASAF11,"Food at home",2019,6,2019-06-01,258.911
CUURS12ASAF11,"Food at home",2019,7,2019-07-01,257.017
CUURS12ASAF11,"Food at home",2019,8,2019-08-01,258.183
CUURS12ASAF11,"Food at home",2019,9,2019-09-01,258.462
CUURS12ASAF11,"Food at home",2019,10,2019-10-01,260.764
CUURS12ASAF11,"Food at home",2019,11,2019-11-01,256.906
CUURS12ASAF11,"Food at home",2019,12,2019-12-01,258.504
CUURS12ASAF11,"Food at home",2020,1,2020-01-01,261.131
CUURS12ASAF11,"Food at home",2020,2,2020-02-01,260.651
CUURS12ASAF11,"Food at home",2020,3,2020-03-01,261.184
CUURS12ASAF11,"Food at home",2020,4,2020-04-01,270.644
CUURS12ASAF11,"Food at home",2020,5,2020-05-01,274.785
CUURS12ASAF11,"Food at home",2020,6,2020-06-01,272.888
CUURS12ASAF11,"Food at home",2020,7,2020-07-01,270.732
CUURS12ASAF11,"Food at home",2020,8,2020-08-01,269.424
CUURS12ASAF11,"Food at home",2020,9,2020-09-01,268.109
CUURS12ASAF11,"Food at home",2020,10,2020-10-01,268.221
CUURS12ASAF11,"Food at home",2020,11,2020-11-01,267.638
CUURS12ASAF11,"Food at home",2020,12,2020-12-01,268.16
CUURS12ASAF11,"Food at home",2021,1,2021-01-01,267.564
CUURS12ASAF11,"Food at home",2021,2,2021-02-01,267.5
CUURS12ASAF11,"Food at home",2021,3,2021-03-01,268.347
CUURS12ASAF11,"Food at home",2021,4,2021-04-01,271.55
CUURS12ASAF11,"Food at home",2021,5,2021-05-01,271.019
CUURS12ASAF11,"Food at home",2021,6,2021-06-01,273.446
CUURS12ASAF11,"Food at home",2021,7,2021-07-01,275.851
CUURS12ASAF11,"Food at home",2021,8,2021-08-01,276.818
CUURS12ASAF11,"Food at home",2021,9,2021-09-01,280.498
CUURS12ASAF11,"Food at home",2021,10,2021-10-01,281.298
CUURS12ASAF11,"Food at home",2021,11,2021-11-01,283.223
CUURS12ASAF11,"Food at home",2021,12,2021-12-01,284.34
CUURS12ASAF11,"Food at home",2022,1,2022-01-01,287.86
CUURS12ASAF11,"Food at home",2022,2,2022-02-01,291.811
CUURS12ASAF11,"Food at home",2022,3,2022-03-01,293.548
CUURS12ASAF11,"Food at home",2022,4,2022-04-01,298.825
CUURS12ASAF11,"Food at home",2022,5,2022-05-01,301.121
CUURS12ASAF11,"Food at home",2022,6,2022-06-01,301.169
CUURS12ASAF11,"Food at home",2022,7,2022-07-01,308.723
CUURS12ASAF11,"Food at home",2022,8,2022-08-01,309.877
CUURS12ASAF11,"Food at home",2022,9,2022-09-01,308.665
CUURS12ASAF11,"Food at home",2022,10,2022-10-01,310.55
CUURS12ASAF11,"Food at home",2022,11,2022-11-01,312.627
CUURS12ASAF11,"Food at home",2022,12,2022-12-01,313.065
CUURS12ASAF11,"Food at home",2023,1,2023-01-01,315.61
CUURS12ASAF11,"Food at home",2023,2,2023-02-01,316.115
CUURS12ASAF11,"Food at home",2023,3,2023-03-01,316.315
CUURS12ASAF11,"Food at home",2023,4,2023-04-01,317.146
CUURS12ASAF11,"Food at home",2023,5,2023-05-01,313.418
CUURS12ASAF11,"Food at home",2023,6,2023-06-01,314.529
CUURS12ASAF11,"Food at home",2023,7,2023-07-01,314.574
CUURS12ASAF11,"Food at home",2023,8,2023-08-01,313.259
CUURS12ASAF11,"Food at home",2023,9,2023-09-01,315.621
CUURS12ASAF11,"Food at home",2023,10,2023-10-01,317.787
CUURS12ASAF11,"Food at home",2023,11,2023-11-01,316.301
CUURS12ASAF11,"Food at home",2023,12,2023-12-01,315.692
CUURS12ASAF11,"Food at home",2024,1,2024-01-01,317.847
CUURS12ASAF11,"Food at home",2024,2,2024-02-01,315.929
CUURS12ASAF11,"Food at home",2024,3,2024-03-01,315.211
CUURS12ASAF11,"Food at home",2024,4,2024-04-01,318.325
CUURS12ASAF11,"Food at home",2024,5,2024-05-01,315.821
CUURS12ASAF11,"Food at home",2024,6,2024-06-01,318.218
CUURS12ASAF11,"Food at home",2024,7,2024-07-01,316.68
CUURS12ASAF11,"Food at home",2024,8,2024-08-01,316.518
CUURS12ASAF11,"Food at home",2024,9,2024-09-01,320.248
CUURS12ASAF11,"Food at home",2024,10,2024-10-01,319.668
CUURS12ASAF11,"Food at home",2024,11,2024-11-01,320.692
CUURS12ASAF11,"Food at home",2024,12,2024-12-01,321.974
CUURS12ASAF11,"Food at home",2025,1,2025-01-01,322.052
CUURS12ASAF11,"Food at home",2025,2,2025-02-01,324.204
CUURS12ASAF11,"Food at home",2025,3,2025-03-01,325.517
CUURS12ASAF11,"Food at home",2025,4,2025-04-01,321.696
CUURS12ASAF11,"Food at home",2025,5,2025-05-01,324.126
CUURS12ASAF11,"Food at home",2025,6,2025-06-01,323.98
CUURS12ASAF11,"Food at home",2025,7,2025-07-01,327.698
CUURS12ASAF11,"Food at home",2025,8,2025-08-01,327.652
CUURS12ASAF11,"Food at home",2025,9,2025-09-01,331.2
CUURS12ASAF11,"Food at home",2025,11,2025-11-01,333.322
CUURS12ASAF11,"Food at home",2025,12,2025-12-01,331.683
CUURS12ASAF11,"Food at home",2026,1,2026-01-01,332.699
CUURS12ASAF11,"Food at home",2026,2,2026-02-01,335.211
CUURS12ASAF11,"Food at home",2026,3,2026-03-01,335.931
CUURS12ASAF111,"Cereals and bakery products",2017,12,2017-12-01,291.754
CUURS12ASAF111,"Cereals and bakery products",2018,1,2018-01-01,292.946
CUURS12ASAF111,"Cereals and bakery products",2018,2,2018-02-01,300.689
CUURS12ASAF111,"Cereals and bakery products",2018,3,2018-03-01,300.0
CUURS12ASAF111,"Cereals and bakery products",2018,4,2018-04-01,304.872
CUURS12ASAF111,"Cereals and bakery products",2018,5,2018-05-01,299.737
CUURS12ASAF111,"Cereals and bakery products",2018,6,2018-06-01,305.975
CUURS12ASAF111,"Cereals and bakery products",2018,7,2018-07-01,299.33
CUURS12ASAF111,"Cereals and bakery products",2018,8,2018-08-01,304.336
CUURS12ASAF111,"Cereals and bakery products",2018,9,2018-09-01,308.903
CUURS12ASAF111,"Cereals and bakery products",2018,10,2018-10-01,296.814
CUURS12ASAF111,"Cereals and bakery products",2018,11,2018-11-01,297.196
CUURS12ASAF111,"Cereals and bakery products",2018,12,2018-12-01,299.45
CUURS12ASAF111,"Cereals and bakery products",2019,1,2019-01-01,298.472
CUURS12ASAF111,"Cereals and bakery products",2019,2,2019-02-01,305.249
CUURS12ASAF111,"Cereals and bakery products",2019,3,2019-03-01,306.981
CUURS12ASAF111,"Cereals and bakery products",2019,4,2019-04-01,300.794
CUURS12ASAF111,"Cereals and bakery products",2019,5,2019-05-01,306.056
CUURS12ASAF111,"Cereals and bakery products",2019,6,2019-06-01,303.424
CUURS12ASAF111,"Cereals and bakery products",2019,7,2019-07-01,301.955
CUURS12ASAF111,"Cereals and bakery products",2019,8,2019-08-01,305.701
CUURS12ASAF111,"Cereals and bakery products",2019,9,2019-09-01,303.658
CUURS12ASAF111,"Cereals and bakery products",2019,10,2019-10-01,305.65
CUURS12ASAF111,"Cereals and bakery products",2019,11,2019-11-01,301.352
CUURS12ASAF111,"Cereals and bakery products",2019,12,2019-12-01,302.844
CUURS12ASAF111,"Cereals and bakery products",2020,1,2020-01-01,306.081
CUURS12ASAF111,"Cereals and bakery products",2020,2,2020-02-01,304.005
CUURS12ASAF111,"Cereals and bakery products",2020,3,2020-03-01,303.916
CUURS12ASAF111,"Cereals and bakery products",2020,4,2020-04-01,310.214
CUURS12ASAF111,"Cereals and bakery products",2020,5,2020-05-01,308.436
CUURS12ASAF111,"Cereals and bakery products",2020,6,2020-06-01,319.724
CUURS12ASAF111,"Cereals and bakery products",2020,7,2020-07-01,324.531
CUURS12ASAF111,"Cereals and bakery products",2020,8,2020-08-01,313.247
CUURS12ASAF111,"Cereals and bakery products",2020,9,2020-09-01,307.449
CUURS12ASAF111,"Cereals and bakery products",2020,10,2020-10-01,309.804
CUURS12ASAF111,"Cereals and bakery products",2020,11,2020-11-01,311.966
CUURS12ASAF111,"Cereals and bakery products",2020,12,2020-12-01,312.008
CUURS12ASAF111,"Cereals and bakery products",2021,1,2021-01-01,305.978
CUURS12ASAF111,"Cereals and bakery products",2021,2,2021-02-01,309.918
CUURS12ASAF111,"Cereals and bakery products",2021,3,2021-03-01,303.628
CUURS12ASAF111,"Cereals and bakery products",2021,4,2021-04-01,315.173
CUURS12ASAF111,"Cereals and bakery products",2021,5,2021-05-01,313.059
CUURS12ASAF111,"Cereals and bakery products",2021,6,2021-06-01,305.328
CUURS12ASAF111,"Cereals and bakery products",2021,7,2021-07-01,309.598
CUURS12ASAF111,"Cereals and bakery products",2021,8,2021-08-01,315.58
CUURS12ASAF111,"Cereals and bakery products",2021,9,2021-09-01,323.252
CUURS12ASAF111,"Cereals and bakery products",2021,10,2021-10-01,319.918
CUURS12ASAF111,"Cereals and bakery products",2021,11,2021-11-01,325.432
CUURS12ASAF111,"Cereals and bakery products",2021,12,2021-12-01,325.086
CUURS12ASAF111,"Cereals and bakery products",2022,1,2022-01-01,332.357
CUURS12ASAF111,"Cereals and bakery products",2022,2,2022-02-01,337.711
CUURS12ASAF111,"Cereals and bakery products",2022,3,2022-03-01,338.718
CUURS12ASAF111,"Cereals and bakery products",2022,4,2022-04-01,344.547
CUURS12ASAF111,"Cereals and bakery products",2022,5,2022-05-01,344.468
CUURS12ASAF111,"Cereals and bakery products",2022,6,2022-06-01,354.08
CUURS12ASAF111,"Cereals and bakery products",2022,7,2022-07-01,360.658
CUURS12ASAF111,"Cereals and bakery products",2022,8,2022-08-01,366.0
CUURS12ASAF111,"Cereals and bakery products",2022,9,2022-09-01,365.245
CUURS12ASAF111,"Cereals and bakery products",2022,10,2022-10-01,373.297
CUURS12ASAF111,"Cereals and bakery products",2022,11,2022-11-01,376.817
CUURS12ASAF111,"Cereals and bakery products",2022,12,2022-12-01,376.941
CUURS12ASAF111,"Cereals and bakery products",2023,1,2023-01-01,376.394
CUURS12ASAF111,"Cereals and bakery products",2023,2,2023-02-01,375.363
CUURS12ASAF111,"Cereals and bakery products",2023,3,2023-03-01,377.702
CUURS12ASAF111,"Cereals and bakery products",2023,4,2023-04-01,385.698
CUURS12ASAF111,"Cereals and bakery products",2023,5,2023-05-01,383.126
CUURS12ASAF111,"Cereals and bakery products",2023,6,2023-06-01,381.92
CUURS12ASAF111,"Cereals and bakery products",2023,7,2023-07-01,382.577
CUURS12ASAF111,"Cereals and bakery products",2023,8,2023-08-01,383.01
CUURS12ASAF111,"Cereals and bakery products",2023,9,2023-09-01,385.09
CUURS12ASAF111,"Cereals and bakery products",2023,10,2023-10-01,386.861
CUURS12ASAF111,"Cereals and bakery products",2023,11,2023-11-01,387.213
CUURS12ASAF111,"Cereals and bakery products",2023,12,2023-12-01,385.477
CUURS12ASAF111,"Cereals and bakery products",2024,1,2024-01-01,386.116
CUURS12ASAF111,"Cereals and bakery products",2024,2,2024-02-01,385.046
CUURS12ASAF111,"Cereals and bakery products",2024,3,2024-03-01,378.797
CUURS12ASAF111,"Cereals and bakery products",2024,4,2024-04-01,390.038
CUURS12ASAF111,"Cereals and bakery products",2024,5,2024-05-01,375.43
CUURS12ASAF111,"Cereals and bakery products",2024,6,2024-06-01,384.636
CUURS12ASAF111,"Cereals and bakery products",2024,7,2024-07-01,384.009
CUURS12ASAF111,"Cereals and bakery products",2024,8,2024-08-01,382.795
CUURS12ASAF111,"Cereals and bakery products",2024,9,2024-09-01,386.834
CUURS12ASAF111,"Cereals and bakery products",2024,10,2024-10-01,384.663
CUURS12ASAF111,"Cereals and bakery products",2024,11,2024-11-01,380.991
CUURS12ASAF111,"Cereals and bakery products",2024,12,2024-12-01,380.83
CUURS12ASAF111,"Cereals and bakery products",2025,1,2025-01-01,380.581
CUURS12ASAF111,"Cereals and bakery products",2025,2,2025-02-01,387.337
CUURS12ASAF111,"Cereals and bakery products",2025,3,2025-03-01,380.043
CUURS12ASAF111,"Cereals and bakery products",2025,4,2025-04-01,386.953
CUURS12ASAF111,"Cereals and bakery products",2025,5,2025-05-01,400.382
CUURS12ASAF111,"Cereals and bakery products",2025,6,2025-06-01,395.708
CUURS12ASAF111,"Cereals and bakery products",2025,7,2025-07-01,399.466
CUURS12ASAF111,"Cereals and bakery products",2025,8,2025-08-01,396.142
CUURS12ASAF111,"Cereals and bakery products",2025,9,2025-09-01,398.517
CUURS12ASAF111,"Cereals and bakery products",2025,11,2025-11-01,401.687
CUURS12ASAF111,"Cereals and bakery products",2025,12,2025-12-01,397.307
CUURS12ASAF111,"Cereals and bakery products",2026,1,2026-01-01,400.859
CUURS12ASAF111,"Cereals and bakery products",2026,2,2026-02-01,390.748
CUURS12ASAF111,"Cereals and bakery products",2026,3,2026-03-01,391.429
CUURS12ASAF112,"Meats, poultry, fish, and eggs",2017,12,2017-12-01,254.684
CUURS12ASAF112,"Meats, poultry, fish, and eggs",2018,1,2018-01-01,253.174
CUURS12ASAF112,"Meats, poultry, fish, and eggs",2018,2,2018-02-01,249.423
CUURS12ASAF112,"Meats, poultry, fish, and eggs",2018,3,2018-03-01,253.558
CUURS12ASAF112,"Meats, poultry, fish, and eggs",2018,4,2018-04-01,252.465
CUURS12ASAF112,"Meats, poultry, fish, and eggs",2018,5,2018-05-01,249.946
CUURS12ASAF112,"Meats, poultry, fish, and eggs",2018,6,2018-06-01,252.605
CUURS12ASAF112,"Meats, poultry, fish, and eggs",2018,7,2018-07-01,254.407
CUURS12ASAF112,"Meats, poultry, fish, and eggs",2018,8,2018-08-01,253.685
CUURS12ASAF112,"Meats, poultry, fish, and eggs",2018,9,2018-09-01,253.06
CUURS12ASAF112,"Meats, poultry, fish, and eggs",2018,10,2018-10-01,254.372
CUURS12ASAF112,"Meats, poultry, fish, and eggs",2018,11,2018-11-01,254.66
CUURS12ASAF112,"Meats, poultry, fish, and eggs",2018,12,2018-12-01,254.975
CUURS12ASAF112,"Meats, poultry, fish, and eggs",2019,1,2019-01-01,252.938
CUURS12ASAF112,"Meats, poultry, fish, and eggs",2019,2,2019-02-01,251.255
CUURS12ASAF112,"Meats, poultry, fish, and eggs",2019,3,2019-03-01,254.454
CUURS12ASAF112,"Meats, poultry, fish, and eggs",2019,4,2019-04-01,254.478
CUURS12ASAF112,"Meats, poultry, fish, and eggs",2019,5,2019-05-01,249.685
CUURS12ASAF112,"Meats, poultry, fish, and eggs",2019,6,2019-06-01,255.91
CUURS12ASAF112,"Meats, poultry, fish, and eggs",2019,7,2019-07-01,253.356
CUURS12ASAF112,"Meats, poultry, fish, and eggs",2019,8,2019-08-01,253.208
CUURS12ASAF112,"Meats, poultry, fish, and eggs",2019,9,2019-09-01,252.924
CUURS12ASAF112,"Meats, poultry, fish, and eggs",2019,10,2019-10-01,257.535
CUURS12ASAF112,"Meats, poultry, fish, and eggs",2019,11,2019-11-01,251.183
CUURS12ASAF112,"Meats, poultry, fish, and eggs",2019,12,2019-12-01,256.3
CUURS12ASAF112,"Meats, poultry, fish, and eggs",2020,1,2020-01-01,256.578
CUURS12ASAF112,"Meats, poultry, fish, and eggs",2020,2,2020-02-01,257.609
CUURS12ASAF112,"Meats, poultry, fish, and eggs",2020,3,2020-03-01,261.942
CUURS12ASAF112,"Meats, poultry, fish, and eggs",2020,4,2020-04-01,270.179
CUURS12ASAF112,"Meats, poultry, fish, and eggs",2020,5,2020-05-01,284.368
CUURS12ASAF112,"Meats, poultry, fish, and eggs",2020,6,2020-06-01,280.832
CUURS12ASAF112,"Meats, poultry, fish, and eggs",2020,7,2020-07-01,270.862
CUURS12ASAF112,"Meats, poultry, fish, and eggs",2020,8,2020-08-01,270.925
CUURS12ASAF112,"Meats, poultry, fish, and eggs",2020,9,2020-09-01,267.103
CUURS12ASAF112,"Meats, poultry, fish, and eggs",2020,10,2020-10-01,267.554
CUURS12ASAF112,"Meats, poultry, fish, and eggs",2020,11,2020-11-01,264.553
CUURS12ASAF112,"Meats, poultry, fish, and eggs",2020,12,2020-12-01,263.533
CUURS12ASAF112,"Meats, poultry, fish, and eggs",2021,1,2021-01-01,263.792
CUURS12ASAF112,"Meats, poultry, fish, and eggs",2021,2,2021-02-01,262.388
CUURS12ASAF112,"Meats, poultry, fish, and eggs",2021,3,2021-03-01,269.027
CUURS12ASAF112,"Meats, poultry, fish, and eggs",2021,4,2021-04-01,274.012
CUURS12ASAF112,"Meats, poultry, fish, and eggs",2021,5,2021-05-01,275.305
CUURS12ASAF112,"Meats, poultry, fish, and eggs",2021,6,2021-06-01,286.111
CUURS12ASAF112,"Meats, poultry, fish, and eggs",2021,7,2021-07-01,291.533
CUURS12ASAF112,"Meats, poultry, fish, and eggs",2021,8,2021-08-01,292.127
CUURS12ASAF112,"Meats, poultry, fish, and eggs",2021,9,2021-09-01,291.242
CUURS12ASAF112,"Meats, poultry, fish, and eggs",2021,10,2021-10-01,298.135
CUURS12ASAF112,"Meats, poultry, fish, and eggs",2021,11,2021-11-01,303.561
CUURS12ASAF112,"Meats, poultry, fish, and eggs",2021,12,2021-12-01,302.863
CUURS12ASAF112,"Meats, poultry, fish, and eggs",2022,1,2022-01-01,305.91
CUURS12ASAF112,"Meats, poultry, fish, and eggs",2022,2,2022-02-01,307.037
CUURS12ASAF112,"Meats, poultry, fish, and eggs",2022,3,2022-03-01,307.003
CUURS12ASAF112,"Meats, poultry, fish, and eggs",2022,4,2022-04-01,310.064
CUURS12ASAF112,"Meats, poultry, fish, and eggs",2022,5,2022-05-01,315.452
CUURS12ASAF112,"Meats, poultry, fish, and eggs",2022,6,2022-06-01,314.7
CUURS12ASAF112,"Meats, poultry, fish, and eggs",2022,7,2022-07-01,322.909
CUURS12ASAF112,"Meats, poultry, fish, and eggs",2022,8,2022-08-01,319.374
CUURS12ASAF112,"Meats, poultry, fish, and eggs",2022,9,2022-09-01,315.37
CUURS12ASAF112,"Meats, poultry, fish, and eggs",2022,10,2022-10-01,317.735
CUURS12ASAF112,"Meats, poultry, fish, and eggs",2022,11,2022-11-01,316.908
CUURS12ASAF112,"Meats, poultry, fish, and eggs",2022,12,2022-12-01,316.717
CUURS12ASAF112,"Meats, poultry, fish, and eggs",2023,1,2023-01-01,320.37
CUURS12ASAF112,"Meats, poultry, fish, and eggs",2023,2,2023-02-01,320.273
CUURS12ASAF112,"Meats, poultry, fish, and eggs",2023,3,2023-03-01,316.091
CUURS12ASAF112,"Meats, poultry, fish, and eggs",2023,4,2023-04-01,317.217
CUURS12ASAF112,"Meats, poultry, fish, and eggs",2023,5,2023-05-01,309.44
CUURS12ASAF112,"Meats, poultry, fish, and eggs",2023,6,2023-06-01,311.089
CUURS12ASAF112,"Meats, poultry, fish, and eggs",2023,7,2023-07-01,314.354
CUURS12ASAF112,"Meats, poultry, fish, and eggs",2023,8,2023-08-01,310.794
CUURS12ASAF112,"Meats, poultry, fish, and eggs",2023,9,2023-09-01,310.834
CUURS12ASAF112,"Meats, poultry, fish, and eggs",2023,10,2023-10-01,315.541
CUURS12ASAF112,"Meats, poultry, fish, and eggs",2023,11,2023-11-01,313.712
CUURS12ASAF112,"Meats, poultry, fish, and eggs",2023,12,2023-12-01,314.662
CUURS12ASAF112,"Meats, poultry, fish, and eggs",2024,1,2024-01-01,317.801
CUURS12ASAF112,"Meats, poultry, fish, and eggs",2024,2,2024-02-01,314.927
CUURS12ASAF112,"Meats, poultry, fish, and eggs",2024,3,2024-03-01,316.246
CUURS12ASAF112,"Meats, poultry, fish, and eggs",2024,4,2024-04-01,318.848
CUURS12ASAF112,"Meats, poultry, fish, and eggs",2024,5,2024-05-01,318.134
CUURS12ASAF112,"Meats, poultry, fish, and eggs",2024,6,2024-06-01,320.379
CUURS12ASAF112,"Meats, poultry, fish, and eggs",2024,7,2024-07-01,316.04
CUURS12ASAF112,"Meats, poultry, fish, and eggs",2024,8,2024-08-01,322.048
CUURS12ASAF112,"Meats, poultry, fish, and eggs",2024,9,2024-09-01,325.616
CUURS12ASAF112,"Meats, poultry, fish, and eggs",2024,10,2024-10-01,320.084
CUURS12ASAF112,"Meats, poultry, fish, and eggs",2024,11,2024-11-01,326.319
CUURS12ASAF112,"Meats, poultry, fish, and eggs",2024,12,2024-12-01,328.336
CUURS12ASAF112,"Meats, poultry, fish, and eggs",2025,1,2025-01-01,336.566
CUURS12ASAF112,"Meats, poultry, fish, and eggs",2025,2,2025-02-01,343.185
CUURS12ASAF112,"Meats, poultry, fish, and eggs",2025,3,2025-03-01,344.48
CUURS12ASAF112,"Meats, poultry, fish, and eggs",2025,4,2025-04-01,339.036
CUURS12ASAF112,"Meats, poultry, fish, and eggs",2025,5,2025-05-01,337.706
CUURS12ASAF112,"Meats, poultry, fish, and eggs",2025,6,2025-06-01,335.28
CUURS12ASAF112,"Meats, poultry, fish, and eggs",2025,7,2025-07-01,338.6
CUURS12ASAF112,"Meats, poultry, fish, and eggs",2025,8,2025-08-01,339.611
CUURS12ASAF112,"Meats, poultry, fish, and eggs",2025,9,2025-09-01,343.995
CUURS12ASAF112,"Meats, poultry, fish, and eggs",2025,11,2025-11-01,345.265
CUURS12ASAF112,"Meats, poultry, fish, and eggs",2025,12,2025-12-01,342.993
CUURS12ASAF112,"Meats, poultry, fish, and eggs",2026,1,2026-01-01,342.361
CUURS12ASAF112,"Meats, poultry, fish, and eggs",2026,2,2026-02-01,346.886
CUURS12ASAF112,"Meats, poultry, fish, and eggs",2026,3,2026-03-01,340.735
CUURS12ASAF113,"Dairy and related products",2017,12,2017-12-01,322.785
CUURS12ASAF113,"Dairy and related products",2018,1,2018-01-01,325.573
CUURS12ASAF113,"Dairy and related products",2018,2,2018-02-01,321.201
CUURS12ASAF113,"Dairy and related products",2018,3,2018-03-01,317.788
CUURS12ASAF113,"Dairy and related products",2018,4,2018-04-01,328.053
CUURS12ASAF113,"Dairy and related products",2018,5,2018-05-01,328.729
CUURS12ASAF113,"Dairy and related products",2018,6,2018-06-01,321.847
CUURS12ASAF113,"Dairy and related products",2018,7,2018-07-01,323.239
CUURS12ASAF113,"Dairy and related products",2018,8,2018-08-01,325.772
CUURS12ASAF113,"Dairy and related products",2018,9,2018-09-01,329.982
CUURS12ASAF113,"Dairy and related products",2018,10,2018-10-01,327.795
CUURS12ASAF113,"Dairy and related products",2018,11,2018-11-01,332.1
CUURS12ASAF113,"Dairy and related products",2018,12,2018-12-01,336.83
CUURS12ASAF113,"Dairy and related products",2019,1,2019-01-01,337.497
CUURS12ASAF113,"Dairy and related products",2019,2,2019-02-01,333.452
CUURS12ASAF113,"Dairy and related products",2019,3,2019-03-01,334.342
CUURS12ASAF113,"Dairy and related products",2019,4,2019-04-01,325.386
CUURS12ASAF113,"Dairy and related products",2019,5,2019-05-01,328.599
CUURS12ASAF113,"Dairy and related products",2019,6,2019-06-01,326.234
CUURS12ASAF113,"Dairy and related products",2019,7,2019-07-01,326.964
CUURS12ASAF113,"Dairy and related products",2019,8,2019-08-01,324.092
CUURS12ASAF113,"Dairy and related products",2019,9,2019-09-01,332.166
CUURS12ASAF113,"Dairy and related products",2019,10,2019-10-01,334.425
CUURS12ASAF113,"Dairy and related products",2019,11,2019-11-01,331.159
CUURS12ASAF113,"Dairy and related products",2019,12,2019-12-01,334.575
CUURS12ASAF113,"Dairy and related products",2020,1,2020-01-01,340.468
CUURS12ASAF113,"Dairy and related products",2020,2,2020-02-01,332.596
CUURS12ASAF113,"Dairy and related products",2020,3,2020-03-01,330.553
CUURS12ASAF113,"Dairy and related products",2020,4,2020-04-01,341.61
CUURS12ASAF113,"Dairy and related products",2020,5,2020-05-01,339.187
CUURS12ASAF113,"Dairy and related products",2020,6,2020-06-01,338.841
CUURS12ASAF113,"Dairy and related products",2020,7,2020-07-01,340.323
CUURS12ASAF113,"Dairy and related products",2020,8,2020-08-01,339.187
CUURS12ASAF113,"Dairy and related products",2020,9,2020-09-01,340.519
CUURS12ASAF113,"Dairy and related products",2020,10,2020-10-01,340.972
CUURS12ASAF113,"Dairy and related products",2020,11,2020-11-01,345.518
CUURS12ASAF113,"Dairy and related products",2020,12,2020-12-01,346.208
CUURS12ASAF113,"Dairy and related products",2021,1,2021-01-01,343.461
CUURS12ASAF113,"Dairy and related products",2021,2,2021-02-01,339.875
CUURS12ASAF113,"Dairy and related products",2021,3,2021-03-01,346.307
CUURS12ASAF113,"Dairy and related products",2021,4,2021-04-01,341.386
CUURS12ASAF113,"Dairy and related products",2021,5,2021-05-01,339.627
CUURS12ASAF113,"Dairy and related products",2021,6,2021-06-01,339.105
CUURS12ASAF113,"Dairy and related products",2021,7,2021-07-01,338.818
CUURS12ASAF113,"Dairy and related products",2021,8,2021-08-01,335.143
CUURS12ASAF113,"Dairy and related products",2021,9,2021-09-01,348.422
CUURS12ASAF113,"Dairy and related products",2021,10,2021-10-01,340.75
CUURS12ASAF113,"Dairy and related products",2021,11,2021-11-01,343.561
CUURS12ASAF113,"Dairy and related products",2021,12,2021-12-01,342.009
CUURS12ASAF113,"Dairy and related products",2022,1,2022-01-01,347.452
CUURS12ASAF113,"Dairy and related products",2022,2,2022-02-01,359.267
CUURS12ASAF113,"Dairy and related products",2022,3,2022-03-01,361.793
CUURS12ASAF113,"Dairy and related products",2022,4,2022-04-01,371.918
CUURS12ASAF113,"Dairy and related products",2022,5,2022-05-01,369.151
CUURS12ASAF113,"Dairy and related products",2022,6,2022-06-01,354.723
CUURS12ASAF113,"Dairy and related products",2022,7,2022-07-01,368.453
CUURS12ASAF113,"Dairy and related products",2022,8,2022-08-01,370.153
CUURS12ASAF113,"Dairy and related products",2022,9,2022-09-01,375.459
CUURS12ASAF113,"Dairy and related products",2022,10,2022-10-01,376.44
CUURS12ASAF113,"Dairy and related products",2022,11,2022-11-01,375.92
CUURS12ASAF113,"Dairy and related products",2022,12,2022-12-01,380.802
CUURS12ASAF113,"Dairy and related products",2023,1,2023-01-01,379.628
CUURS12ASAF113,"Dairy and related products",2023,2,2023-02-01,382.686
CUURS12ASAF113,"Dairy and related products",2023,3,2023-03-01,373.584
CUURS12ASAF113,"Dairy and related products",2023,4,2023-04-01,379.891
CUURS12ASAF113,"Dairy and related products",2023,5,2023-05-01,379.859
CUURS12ASAF113,"Dairy and related products",2023,6,2023-06-01,378.003
CUURS12ASAF113,"Dairy and related products",2023,7,2023-07-01,374.277
CUURS12ASAF113,"Dairy and related products",2023,8,2023-08-01,372.273
CUURS12ASAF113,"Dairy and related products",2023,9,2023-09-01,376.236
CUURS12ASAF113,"Dairy and related products",2023,10,2023-10-01,383.458
CUURS12ASAF113,"Dairy and related products",2023,11,2023-11-01,379.444
CUURS12ASAF113,"Dairy and related products",2023,12,2023-12-01,379.659
CUURS12ASAF113,"Dairy and related products",2024,1,2024-01-01,382.195
CUURS12ASAF113,"Dairy and related products",2024,2,2024-02-01,378.293
CUURS12ASAF113,"Dairy and related products",2024,3,2024-03-01,370.866
CUURS12ASAF113,"Dairy and related products",2024,4,2024-04-01,378.868
CUURS12ASAF113,"Dairy and related products",2024,5,2024-05-01,371.873
CUURS12ASAF113,"Dairy and related products",2024,6,2024-06-01,369.985
CUURS12ASAF113,"Dairy and related products",2024,7,2024-07-01,371.011
CUURS12ASAF113,"Dairy and related products",2024,8,2024-08-01,375.024
CUURS12ASAF113,"Dairy and related products",2024,9,2024-09-01,378.193
CUURS12ASAF113,"Dairy and related products",2024,10,2024-10-01,380.95
CUURS12ASAF113,"Dairy and related products",2024,11,2024-11-01,381.786
CUURS12ASAF113,"Dairy and related products",2024,12,2024-12-01,384.443
CUURS12ASAF113,"Dairy and related products",2025,1,2025-01-01,376.126
CUURS12ASAF113,"Dairy and related products",2025,2,2025-02-01,368.708
CUURS12ASAF113,"Dairy and related products",2025,3,2025-03-01,366.215
CUURS12ASAF113,"Dairy and related products",2025,4,2025-04-01,369.003
CUURS12ASAF113,"Dairy and related products",2025,5,2025-05-01,366.086
CUURS12ASAF113,"Dairy and related products",2025,6,2025-06-01,367.486
CUURS12ASAF113,"Dairy and related products",2025,7,2025-07-01,373.977
CUURS12ASAF113,"Dairy and related products",2025,8,2025-08-01,377.727
CUURS12ASAF113,"Dairy and related products",2025,9,2025-09-01,383.44
CUURS12ASAF113,"Dairy and related products",2025,11,2025-11-01,385.363
CUURS12ASAF113,"Dairy and related products",2025,12,2025-12-01,383.073
CUURS12ASAF113,"Dairy and related products",2026,1,2026-01-01,387.01
CUURS12ASAF113,"Dairy and related products",2026,2,2026-02-01,395.208
CUURS12ASAF113,"Dairy and related products",2026,3,2026-03-01,406.106
CUURS12ASAF114,"Fruits and vegetables",2017,12,2017-12-01,244.113
CUURS12ASAF114,"Fruits and vegetables",2018,1,2018-01-01,249.631
CUURS12ASAF114,"Fruits and vegetables",2018,2,2018-02-01,254.564
CUURS12ASAF114,"Fruits and vegetables",2018,3,2018-03-01,248.601
CUURS12ASAF114,"Fruits and vegetables",2018,4,2018-04-01,251.067
CUURS12ASAF114,"Fruits and vegetables",2018,5,2018-05-01,243.716
CUURS12ASAF114,"Fruits and vegetables",2018,6,2018-06-01,252.958
CUURS12ASAF114,"Fruits and vegetables",2018,7,2018-07-01,252.946
CUURS12ASAF114,"Fruits and vegetables",2018,8,2018-08-01,249.937
CUURS12ASAF114,"Fruits and vegetables",2018,9,2018-09-01,254.493
CUURS12ASAF114,"Fruits and vegetables",2018,10,2018-10-01,252.442
CUURS12ASAF114,"Fruits and vegetables",2018,11,2018-11-01,248.387
CUURS12ASAF114,"Fruits and vegetables",2018,12,2018-12-01,246.39
CUURS12ASAF114,"Fruits and vegetables",2019,1,2019-01-01,258.466
CUURS12ASAF114,"Fruits and vegetables",2019,2,2019-02-01,256.656
CUURS12ASAF114,"Fruits and vegetables",2019,3,2019-03-01,248.616
CUURS12ASAF114,"Fruits and vegetables",2019,4,2019-04-01,255.104
CUURS12ASAF114,"Fruits and vegetables",2019,5,2019-05-01,251.206
CUURS12ASAF114,"Fruits and vegetables",2019,6,2019-06-01,261.808
CUURS12ASAF114,"Fruits and vegetables",2019,7,2019-07-01,257.32
CUURS12ASAF114,"Fruits and vegetables",2019,8,2019-08-01,255.727
CUURS12ASAF114,"Fruits and vegetables",2019,9,2019-09-01,255.641
CUURS12ASAF114,"Fruits and vegetables",2019,10,2019-10-01,256.687
CUURS12ASAF114,"Fruits and vegetables",2019,11,2019-11-01,249.305
CUURS12ASAF114,"Fruits and vegetables",2019,12,2019-12-01,245.19
CUURS12ASAF114,"Fruits and vegetables",2020,1,2020-01-01,254.065
CUURS12ASAF114,"Fruits and vegetables",2020,2,2020-02-01,257.741
CUURS12ASAF114,"Fruits and vegetables",2020,3,2020-03-01,257.368
CUURS12ASAF114,"Fruits and vegetables",2020,4,2020-04-01,266.718
CUURS12ASAF114,"Fruits and vegetables",2020,5,2020-05-01,273.103
CUURS12ASAF114,"Fruits and vegetables",2020,6,2020-06-01,265.127
CUURS12ASAF114,"Fruits and vegetables",2020,7,2020-07-01,263.544
CUURS12ASAF114,"Fruits and vegetables",2020,8,2020-08-01,260.941
CUURS12ASAF114,"Fruits and vegetables",2020,9,2020-09-01,266.563
CUURS12ASAF114,"Fruits and vegetables",2020,10,2020-10-01,258.466
CUURS12ASAF114,"Fruits and vegetables",2020,11,2020-11-01,254.793
CUURS12ASAF114,"Fruits and vegetables",2020,12,2020-12-01,264.311
CUURS12ASAF114,"Fruits and vegetables",2021,1,2021-01-01,262.536
CUURS12ASAF114,"Fruits and vegetables",2021,2,2021-02-01,269.623
CUURS12ASAF114,"Fruits and vegetables",2021,3,2021-03-01,269.176
CUURS12ASAF114,"Fruits and vegetables",2021,4,2021-04-01,268.312
CUURS12ASAF114,"Fruits and vegetables",2021,5,2021-05-01,266.678
CUURS12ASAF114,"Fruits and vegetables",2021,6,2021-06-01,267.008
CUURS12ASAF114,"Fruits and vegetables",2021,7,2021-07-01,271.829
CUURS12ASAF114,"Fruits and vegetables",2021,8,2021-08-01,272.953
CUURS12ASAF114,"Fruits and vegetables",2021,9,2021-09-01,277.94
CUURS12ASAF114,"Fruits and vegetables",2021,10,2021-10-01,279.078
CUURS12ASAF114,"Fruits and vegetables",2021,11,2021-11-01,276.801
CUURS12ASAF114,"Fruits and vegetables",2021,12,2021-12-01,278.989
CUURS12ASAF114,"Fruits and vegetables",2022,1,2022-01-01,279.959
CUURS12ASAF114,"Fruits and vegetables",2022,2,2022-02-01,284.524
CUURS12ASAF114,"Fruits and vegetables",2022,3,2022-03-01,286.341
CUURS12ASAF114,"Fruits and vegetables",2022,4,2022-04-01,286.533
CUURS12ASAF114,"Fruits and vegetables",2022,5,2022-05-01,292.951
CUURS12ASAF114,"Fruits and vegetables",2022,6,2022-06-01,299.112
CUURS12ASAF114,"Fruits and vegetables",2022,7,2022-07-01,301.367
CUURS12ASAF114,"Fruits and vegetables",2022,8,2022-08-01,305.963
CUURS12ASAF114,"Fruits and vegetables",2022,9,2022-09-01,298.191
CUURS12ASAF114,"Fruits and vegetables",2022,10,2022-10-01,306.939
CUURS12ASAF114,"Fruits and vegetables",2022,11,2022-11-01,307.964
CUURS12ASAF114,"Fruits and vegetables",2022,12,2022-12-01,306.163
CUURS12ASAF114,"Fruits and vegetables",2023,1,2023-01-01,312.699
CUURS12ASAF114,"Fruits and vegetables",2023,2,2023-02-01,313.642
CUURS12ASAF114,"Fruits and vegetables",2023,3,2023-03-01,319.11
CUURS12ASAF114,"Fruits and vegetables",2023,4,2023-04-01,317.283
CUURS12ASAF114,"Fruits and vegetables",2023,5,2023-05-01,311.647
CUURS12ASAF114,"Fruits and vegetables",2023,6,2023-06-01,317.104
CUURS12ASAF114,"Fruits and vegetables",2023,7,2023-07-01,317.522
CUURS12ASAF114,"Fruits and vegetables",2023,8,2023-08-01,315.417
CUURS12ASAF114,"Fruits and vegetables",2023,9,2023-09-01,317.824
CUURS12ASAF114,"Fruits and vegetables",2023,10,2023-10-01,316.456
CUURS12ASAF114,"Fruits and vegetables",2023,11,2023-11-01,314.672
CUURS12ASAF114,"Fruits and vegetables",2023,12,2023-12-01,314.399
CUURS12ASAF114,"Fruits and vegetables",2024,1,2024-01-01,322.658
CUURS12ASAF114,"Fruits and vegetables",2024,2,2024-02-01,316.794
CUURS12ASAF114,"Fruits and vegetables",2024,3,2024-03-01,323.057
CUURS12ASAF114,"Fruits and vegetables",2024,4,2024-04-01,316.994
CUURS12ASAF114,"Fruits and vegetables",2024,5,2024-05-01,316.656
CUURS12ASAF114,"Fruits and vegetables",2024,6,2024-06-01,319.101
CUURS12ASAF114,"Fruits and vegetables",2024,7,2024-07-01,315.023
CUURS12ASAF114,"Fruits and vegetables",2024,8,2024-08-01,310.368
CUURS12ASAF114,"Fruits and vegetables",2024,9,2024-09-01,314.036
CUURS12ASAF114,"Fruits and vegetables",2024,10,2024-10-01,323.281
CUURS12ASAF114,"Fruits and vegetables",2024,11,2024-11-01,320.977
CUURS12ASAF114,"Fruits and vegetables",2024,12,2024-12-01,321.879
CUURS12ASAF114,"Fruits and vegetables",2025,1,2025-01-01,327.048
CUURS12ASAF114,"Fruits and vegetables",2025,2,2025-02-01,328.685
CUURS12ASAF114,"Fruits and vegetables",2025,3,2025-03-01,331.181
CUURS12ASAF114,"Fruits and vegetables",2025,4,2025-04-01,326.044
CUURS12ASAF114,"Fruits and vegetables",2025,5,2025-05-01,328.805
CUURS12ASAF114,"Fruits and vegetables",2025,6,2025-06-01,324.429
CUURS12ASAF114,"Fruits and vegetables",2025,7,2025-07-01,324.746
CUURS12ASAF114,"Fruits and vegetables",2025,8,2025-08-01,330.699
CUURS12ASAF114,"Fruits and vegetables",2025,9,2025-09-01,338.748
CUURS12ASAF114,"Fruits and vegetables",2025,11,2025-11-01,339.729
CUURS12ASAF114,"Fruits and vegetables",2025,12,2025-12-01,338.262
CUURS12ASAF114,"Fruits and vegetables",2026,1,2026-01-01,346.477
CUURS12ASAF114,"Fruits and vegetables",2026,2,2026-02-01,352.063
CUURS12ASAF114,"Fruits and vegetables",2026,3,2026-03-01,348.598
CUURS12ASAF115,"Nonalcoholic beverages",2017,12,2017-12-01,220.845
CUURS12ASAF115,"Nonalcoholic beverages",2018,1,2018-01-01,219.943
CUURS12ASAF115,"Nonalcoholic beverages",2018,2,2018-02-01,222.146
CUURS12ASAF115,"Nonalcoholic beverages",2018,3,2018-03-01,221.633
CUURS12ASAF115,"Nonalcoholic beverages",2018,4,2018-04-01,222.763
CUURS12ASAF115,"Nonalcoholic beverages",2018,5,2018-05-01,227.023
CUURS12ASAF115,"Nonalcoholic beverages",2018,6,2018-06-01,224.946
CUURS12ASAF115,"Nonalcoholic beverages",2018,7,2018-07-01,228.701
CUURS12ASAF115,"Nonalcoholic beverages",2018,8,2018-08-01,226.603
CUURS12ASAF115,"Nonalcoholic beverages",2018,9,2018-09-01,230.264
CUURS12ASAF115,"Nonalcoholic beverages",2018,10,2018-10-01,227.388
CUURS12ASAF115,"Nonalcoholic beverages",2018,11,2018-11-01,225.48
CUURS12ASAF115,"Nonalcoholic beverages",2018,12,2018-12-01,225.145
CUURS12ASAF115,"Nonalcoholic beverages",2019,1,2019-01-01,226.663
CUURS12ASAF115,"Nonalcoholic beverages",2019,2,2019-02-01,228.02
CUURS12ASAF115,"Nonalcoholic beverages",2019,3,2019-03-01,230.412
CUURS12ASAF115,"Nonalcoholic beverages",2019,4,2019-04-01,229.749
CUURS12ASAF115,"Nonalcoholic beverages",2019,5,2019-05-01,226.441
CUURS12ASAF115,"Nonalcoholic beverages",2019,6,2019-06-01,225.216
CUURS12ASAF115,"Nonalcoholic beverages",2019,7,2019-07-01,223.073
CUURS12ASAF115,"Nonalcoholic beverages",2019,8,2019-08-01,228.253
CUURS12ASAF115,"Nonalcoholic beverages",2019,9,2019-09-01,224.557
CUURS12ASAF115,"Nonalcoholic beverages",2019,10,2019-10-01,227.025
CUURS12ASAF115,"Nonalcoholic beverages",2019,11,2019-11-01,225.52
CUURS12ASAF115,"Nonalcoholic beverages",2019,12,2019-12-01,226.983
CUURS12ASAF115,"Nonalcoholic beverages",2020,1,2020-01-01,226.667
CUURS12ASAF115,"Nonalcoholic beverages",2020,2,2020-02-01,229.0
CUURS12ASAF115,"Nonalcoholic beverages",2020,3,2020-03-01,228.597
CUURS12ASAF115,"Nonalcoholic beverages",2020,4,2020-04-01,239.915
CUURS12ASAF115,"Nonalcoholic beverages",2020,5,2020-05-01,239.612
CUURS12ASAF115,"Nonalcoholic beverages",2020,6,2020-06-01,234.973
CUURS12ASAF115,"Nonalcoholic beverages",2020,7,2020-07-01,235.371
CUURS12ASAF115,"Nonalcoholic beverages",2020,8,2020-08-01,235.98
CUURS12ASAF115,"Nonalcoholic beverages",2020,9,2020-09-01,234.735
CUURS12ASAF115,"Nonalcoholic beverages",2020,10,2020-10-01,236.981
CUURS12ASAF115,"Nonalcoholic beverages",2020,11,2020-11-01,235.92
CUURS12ASAF115,"Nonalcoholic beverages",2020,12,2020-12-01,233.564
CUURS12ASAF115,"Nonalcoholic beverages",2021,1,2021-01-01,234.763
CUURS12ASAF115,"Nonalcoholic beverages",2021,2,2021-02-01,235.309
CUURS12ASAF115,"Nonalcoholic beverages",2021,3,2021-03-01,230.122
CUURS12ASAF115,"Nonalcoholic beverages",2021,4,2021-04-01,235.774
CUURS12ASAF115,"Nonalcoholic beverages",2021,5,2021-05-01,236.062
CUURS12ASAF115,"Nonalcoholic beverages",2021,6,2021-06-01,237.801
CUURS12ASAF115,"Nonalcoholic beverages",2021,7,2021-07-01,238.153
CUURS12ASAF115,"Nonalcoholic beverages",2021,8,2021-08-01,240.977
CUURS12ASAF115,"Nonalcoholic beverages",2021,9,2021-09-01,242.625
CUURS12ASAF115,"Nonalcoholic beverages",2021,10,2021-10-01,244.643
CUURS12ASAF115,"Nonalcoholic beverages",2021,11,2021-11-01,243.003
CUURS12ASAF115,"Nonalcoholic beverages",2021,12,2021-12-01,245.372
CUURS12ASAF115,"Nonalcoholic beverages",2022,1,2022-01-01,248.448
CUURS12ASAF115,"Nonalcoholic beverages",2022,2,2022-02-01,251.589
CUURS12ASAF115,"Nonalcoholic beverages",2022,3,2022-03-01,256.321
CUURS12ASAF115,"Nonalcoholic beverages",2022,4,2022-04-01,261.032
CUURS12ASAF115,"Nonalcoholic beverages",2022,5,2022-05-01,264.597
CUURS12ASAF115,"Nonalcoholic beverages",2022,6,2022-06-01,265.84
CUURS12ASAF115,"Nonalcoholic beverages",2022,7,2022-07-01,273.726
CUURS12ASAF115,"Nonalcoholic beverages",2022,8,2022-08-01,276.296
CUURS12ASAF115,"Nonalcoholic beverages",2022,9,2022-09-01,274.851
CUURS12ASAF115,"Nonalcoholic beverages",2022,10,2022-10-01,272.672
CUURS12ASAF115,"Nonalcoholic beverages",2022,11,2022-11-01,276.292
CUURS12ASAF115,"Nonalcoholic beverages",2022,12,2022-12-01,276.399
CUURS12ASAF115,"Nonalcoholic beverages",2023,1,2023-01-01,280.897
CUURS12ASAF115,"Nonalcoholic beverages",2023,2,2023-02-01,280.567
CUURS12ASAF115,"Nonalcoholic beverages",2023,3,2023-03-01,288.175
CUURS12ASAF115,"Nonalcoholic beverages",2023,4,2023-04-01,284.852
CUURS12ASAF115,"Nonalcoholic beverages",2023,5,2023-05-01,283.284
CUURS12ASAF115,"Nonalcoholic beverages",2023,6,2023-06-01,283.943
CUURS12ASAF115,"Nonalcoholic beverages",2023,7,2023-07-01,281.539
CUURS12ASAF115,"Nonalcoholic beverages",2023,8,2023-08-01,282.261
CUURS12ASAF115,"Nonalcoholic beverages",2023,9,2023-09-01,284.323
CUURS12ASAF115,"Nonalcoholic beverages",2023,10,2023-10-01,285.82
CUURS12ASAF115,"Nonalcoholic beverages",2023,11,2023-11-01,284.668
CUURS12ASAF115,"Nonalcoholic beverages",2023,12,2023-12-01,282.81
CUURS12ASAF115,"Nonalcoholic beverages",2024,1,2024-01-01,280.346
CUURS12ASAF115,"Nonalcoholic beverages",2024,2,2024-02-01,281.878
CUURS12ASAF115,"Nonalcoholic beverages",2024,3,2024-03-01,285.091
CUURS12ASAF115,"Nonalcoholic beverages",2024,4,2024-04-01,284.545
CUURS12ASAF115,"Nonalcoholic beverages",2024,5,2024-05-01,288.399
CUURS12ASAF115,"Nonalcoholic beverages",2024,6,2024-06-01,289.746
CUURS12ASAF115,"Nonalcoholic beverages",2024,7,2024-07-01,288.546
CUURS12ASAF115,"Nonalcoholic beverages",2024,8,2024-08-01,282.921
CUURS12ASAF115,"Nonalcoholic beverages",2024,9,2024-09-01,288.9
CUURS12ASAF115,"Nonalcoholic beverages",2024,10,2024-10-01,285.307
CUURS12ASAF115,"Nonalcoholic beverages",2024,11,2024-11-01,286.826
CUURS12ASAF115,"Nonalcoholic beverages",2024,12,2024-12-01,287.548
CUURS12ASAF115,"Nonalcoholic beverages",2025,1,2025-01-01,285.421
CUURS12ASAF115,"Nonalcoholic beverages",2025,2,2025-02-01,289.184
CUURS12ASAF115,"Nonalcoholic beverages",2025,3,2025-03-01,293.553
CUURS12ASAF115,"Nonalcoholic beverages",2025,4,2025-04-01,283.961
CUURS12ASAF115,"Nonalcoholic beverages",2025,5,2025-05-01,288.495
CUURS12ASAF115,"Nonalcoholic beverages",2025,6,2025-06-01,291.158
CUURS12ASAF115,"Nonalcoholic beverages",2025,7,2025-07-01,295.859
CUURS12ASAF115,"Nonalcoholic beverages",2025,8,2025-08-01,290.784
CUURS12ASAF115,"Nonalcoholic beverages",2025,9,2025-09-01,294.389
CUURS12ASAF115,"Nonalcoholic beverages",2025,11,2025-11-01,296.644
CUURS12ASAF115,"Nonalcoholic beverages",2025,12,2025-12-01,297.085
CUURS12ASAF115,"Nonalcoholic beverages",2026,1,2026-01-01,294.386
CUURS12ASAF115,"Nonalcoholic beverages",2026,2,2026-02-01,297.176
CUURS12ASAF115,"Nonalcoholic beverages",2026,3,2026-03-01,298.248
CUURS12ASAF116,"Other food at home",2017,1,2017-01-01,253.983
CUURS12ASAF116,"Other food at home",2017,2,2017-02-01,254.398
CUURS12ASAF116,"Other food at home",2017,3,2017-03-01,254.0
CUURS12ASAF116,"Other food at home",2017,4,2017-04-01,253.582
CUURS12ASAF116,"Other food at home",2017,5,2017-05-01,253.006
CUURS12ASAF116,"Other food at home",2017,6,2017-06-01,253.397
CUURS12ASAF116,"Other food at home",2017,7,2017-07-01,254.156
CUURS12ASAF116,"Other food at home",2017,8,2017-08-01,254.669
CUURS12ASAF116,"Other food at home",2017,9,2017-09-01,255.792
CUURS12ASAF116,"Other food at home",2017,10,2017-10-01,257.289
CUURS12ASAF116,"Other food at home",2017,11,2017-11-01,256.463
CUURS12ASAF116,"Other food at home",2017,12,2017-12-01,255.544
CUURS12ASAF116,"Other food at home",2018,1,2018-01-01,256.039
CUURS12ASAF116,"Other food at home",2018,2,2018-02-01,257.818
CUURS12ASAF116,"Other food at home",2018,3,2018-03-01,256.93
CUURS12ASAF116,"Other food at home",2018,4,2018-04-01,257.265
CUURS12ASAF116,"Other food at home",2018,5,2018-05-01,258.191
CUURS12ASAF116,"Other food at home",2018,6,2018-06-01,261.554
CUURS12ASAF116,"Other food at home",2018,7,2018-07-01,261.241
CUURS12ASAF116,"Other food at home",2018,8,2018-08-01,261.847
CUURS12ASAF116,"Other food at home",2018,9,2018-09-01,264.753
CUURS12ASAF116,"Other food at home",2018,10,2018-10-01,264.58
CUURS12ASAF116,"Other food at home",2018,11,2018-11-01,263.475
CUURS12ASAF116,"Other food at home",2018,12,2018-12-01,264.326
CUURS12ASAF116,"Other food at home",2019,1,2019-01-01,264.364
CUURS12ASAF116,"Other food at home",2019,2,2019-02-01,263.448
CUURS12ASAF116,"Other food at home",2019,3,2019-03-01,264.415
CUURS12ASAF116,"Other food at home",2019,4,2019-04-01,263.215
CUURS12ASAF116,"Other food at home",2019,5,2019-05-01,266.044
CUURS12ASAF116,"Other food at home",2019,6,2019-06-01,265.516
CUURS12ASAF116,"Other food at home",2019,7,2019-07-01,264.232
CUURS12ASAF116,"Other food at home",2019,8,2019-08-01,266.36
CUURS12ASAF116,"Other food at home",2019,9,2019-09-01,268.545
CUURS12ASAF116,"Other food at home",2019,10,2019-10-01,267.412
CUURS12ASAF116,"Other food at home",2019,11,2019-11-01,266.733
CUURS12ASAF116,"Other food at home",2019,12,2019-12-01,267.591
CUURS12ASAF116,"Other food at home",2020,1,2020-01-01,269.654
CUURS12ASAF116,"Other food at home",2020,2,2020-02-01,269.341
CUURS12ASAF116,"Other food at home",2020,3,2020-03-01,271.981
CUURS12ASAF116,"Other food at home",2020,4,2020-04-01,271.661
CUURS12ASAF116,"Other food at home",2020,5,2020-05-01,272.738
CUURS12ASAF116,"Other food at home",2020,6,2020-06-01,270.889
CUURS12ASAF116,"Other food at home",2020,7,2020-07-01,270.502
CUURS12ASAF116,"Other food at home",2020,8,2020-08-01,271.408
CUURS12ASAF116,"Other food at home",2020,9,2020-09-01,273.471
CUURS12ASAF116,"Other food at home",2020,10,2020-10-01,275.545
CUURS12ASAF116,"Other food at home",2020,11,2020-11-01,273.745
CUURS12ASAF116,"Other food at home",2020,12,2020-12-01,279.033
CUURS12ASAF116,"Other food at home",2021,1,2021-01-01,277.184
CUURS12ASAF116,"Other food at home",2021,2,2021-02-01,278.558
CUURS12ASAF116,"Other food at home",2021,3,2021-03-01,277.606
CUURS12ASAF116,"Other food at home",2021,4,2021-04-01,278.888
CUURS12ASAF116,"Other food at home",2021,5,2021-05-01,277.704
CUURS12ASAF116,"Other food at home",2021,6,2021-06-01,277.787
CUURS12ASAF116,"Other food at home",2021,7,2021-07-01,277.395
CUURS12ASAF116,"Other food at home",2021,8,2021-08-01,279.674
CUURS12ASAF116,"Other food at home",2021,9,2021-09-01,278.766
CUURS12ASAF116,"Other food at home",2021,10,2021-10-01,278.108
CUURS12ASAF116,"Other food at home",2021,11,2021-11-01,281.782
CUURS12ASAF116,"Other food at home",2021,12,2021-12-01,280.751
CUURS12ASAF116,"Other food at home",2022,1,2022-01-01,280.225
CUURS12ASAF116,"Other food at home",2022,2,2022-02-01,282.572
CUURS12ASAF116,"Other food at home",2022,3,2022-03-01,285.821
CUURS12ASAF116,"Other food at home",2022,4,2022-04-01,287.923
CUURS12ASAF116,"Other food at home",2022,5,2022-05-01,291.908
CUURS12ASAF116,"Other food at home",2022,6,2022-06-01,291.919
CUURS12ASAF116,"Other food at home",2022,7,2022-07-01,293.127
CUURS12ASAF116,"Other food at home",2022,8,2022-08-01,294.268
CUURS12ASAF116,"Other food at home",2022,9,2022-09-01,296.748
CUURS12ASAF116,"Other food at home",2022,10,2022-10-01,298.499
CUURS12ASAF116,"Other food at home",2022,11,2022-11-01,299.317
CUURS12ASAF116,"Other food at home",2022,12,2022-12-01,302.11
CUURS12ASAF116,"Other food at home",2023,1,2023-01-01,302.161
CUURS12ASAF116,"Other food at home",2023,2,2023-02-01,301.877
CUURS12ASAF116,"Other food at home",2023,3,2023-03-01,304.099
CUURS12ASAF116,"Other food at home",2023,4,2023-04-01,305.919
CUURS12ASAF116,"Other food at home",2023,5,2023-05-01,305.994
CUURS12ASAF116,"Other food at home",2023,6,2023-06-01,307.267
CUURS12ASAF116,"Other food at home",2023,7,2023-07-01,309.858
CUURS12ASAF116,"Other food at home",2023,8,2023-08-01,307.815
CUURS12ASAF116,"Other food at home",2023,9,2023-09-01,308.342
CUURS12ASAF116,"Other food at home",2023,10,2023-10-01,309.137
CUURS12ASAF116,"Other food at home",2023,11,2023-11-01,309.241
CUURS12ASAF116,"Other food at home",2023,12,2023-12-01,308.093
CUURS12ASAF116,"Other food at home",2024,1,2024-01-01,308.137
CUURS12ASAF116,"Other food at home",2024,2,2024-02-01,308.193
CUURS12ASAF116,"Other food at home",2024,3,2024-03-01,307.47
CUURS12ASAF116,"Other food at home",2024,4,2024-04-01,308.867
CUURS12ASAF116,"Other food at home",2024,5,2024-05-01,307.713
CUURS12ASAF116,"Other food at home",2024,6,2024-06-01,309.011
CUURS12ASAF116,"Other food at home",2024,7,2024-07-01,309.552
CUURS12ASAF116,"Other food at home",2024,8,2024-08-01,308.419
CUURS12ASAF116,"Other food at home",2024,9,2024-09-01,310.107
CUURS12ASAF116,"Other food at home",2024,10,2024-10-01,311.479
CUURS12ASAF116,"Other food at home",2024,11,2024-11-01,311.501
CUURS12ASAF116,"Other food at home",2024,12,2024-12-01,311.197
CUURS12ASAF116,"Other food at home",2025,1,2025-01-01,311.33
CUURS12ASAF116,"Other food at home",2025,2,2025-02-01,312.326
CUURS12ASAF116,"Other food at home",2025,3,2025-03-01,313.207
CUURS12ASAF116,"Other food at home",2025,4,2025-04-01,312.306
CUURS12ASAF116,"Other food at home",2025,5,2025-05-01,312.191
CUURS12ASAF116,"Other food at home",2025,6,2025-06-01,311.991
CUURS12ASAF116,"Other food at home",2025,7,2025-07-01,311.976
CUURS12ASAF116,"Other food at home",2025,8,2025-08-01,312.582
CUURS12ASAF116,"Other food at home",2025,9,2025-09-01,312.715
CUURS12ASAF116,"Other food at home",2025,11,2025-11-01,314.056
CUURS12ASAF116,"Other food at home",2025,12,2025-12-01,313.677
CUURS12ASAF116,"Other food at home",2026,1,2026-01-01,313.576
CUURS12ASAF116,"Other food at home",2026,2,2026-02-01,313.484
CUURS12ASAF116,"Other food at home",2026,3,2026-03-01,313.975
CUURS12ASEFV,"Food away from home",2017,1,2017-01-01,277.261
CUURS12ASEFV,"Food away from home",2017,2,2017-02-01,276.661
CUURS12ASEFV,"Food away from home",2017,3,2017-03-01,278.974
CUURS12ASEFV,"Food away from home",2017,4,2017-04-01,279.083
CUURS12ASEFV,"Food away from home",2017,5,2017-05-01,279.58
CUURS12ASEFV,"Food away from home",2017,6,2017-06-01,279.633
CUURS12ASEFV,"Food away from home",2017,7,2017-07-01,279.985
CUURS12ASEFV,"Food away from home",2017,8,2017-08-01,280.119
CUURS12ASEFV,"Food away from home",2017,9,2017-09-01,281.109
CUURS12ASEFV,"Food away from home",2017,10,2017-10-01,281.995
CUURS12ASEFV,"Food away from home",2017,11,2017-11-01,282.774
CUURS12ASEFV,"Food away from home",2017,12,2017-12-01,283.526
CUURS12ASEFV,"Food away from home",2018,1,2018-01-01,284.097
CUURS12ASEFV,"Food away from home",2018,2,2018-02-01,284.932
CUURS12ASEFV,"Food away from home",2018,3,2018-03-01,285.765
CUURS12ASEFV,"Food away from home",2018,4,2018-04-01,287.238
CUURS12ASEFV,"Food away from home",2018,5,2018-05-01,289.241
CUURS12ASEFV,"Food away from home",2018,6,2018-06-01,289.637
CUURS12ASEFV,"Food away from home",2018,7,2018-07-01,289.604
CUURS12ASEFV,"Food away from home",2018,8,2018-08-01,289.699
CUURS12ASEFV,"Food away from home",2018,9,2018-09-01,290.532
CUURS12ASEFV,"Food away from home",2018,10,2018-10-01,290.286
CUURS12ASEFV,"Food away from home",2018,11,2018-11-01,290.423
CUURS12ASEFV,"Food away from home",2018,12,2018-12-01,291.13
CUURS12ASEFV,"Food away from home",2019,1,2019-01-01,292.168
CUURS12ASEFV,"Food away from home",2019,2,2019-02-01,293.474
CUURS12ASEFV,"Food away from home",2019,3,2019-03-01,293.993
CUURS12ASEFV,"Food away from home",2019,4,2019-04-01,294.575
CUURS12ASEFV,"Food away from home",2019,5,2019-05-01,295.465
CUURS12ASEFV,"Food away from home",2019,6,2019-06-01,296.138
CUURS12ASEFV,"Food away from home",2019,7,2019-07-01,296.627
CUURS12ASEFV,"Food away from home",2019,8,2019-08-01,298.723
CUURS12ASEFV,"Food away from home",2019,9,2019-09-01,298.868
CUURS12ASEFV,"Food away from home",2019,10,2019-10-01,298.679
CUURS12ASEFV,"Food away from home",2019,11,2019-11-01,298.94
CUURS12ASEFV,"Food away from home",2019,12,2019-12-01,300.22
CUURS12ASEFV,"Food away from home",2020,1,2020-01-01,299.909
CUURS12ASEFV,"Food away from home",2020,2,2020-02-01,300.707
CUURS12ASEFV,"Food away from home",2020,3,2020-03-01,300.566
CUURS12ASEFV,"Food away from home",2020,4,2020-04-01,304.31
CUURS12ASEFV,"Food away from home",2020,5,2020-05-01,306.452
CUURS12ASEFV,"Food away from home",2020,6,2020-06-01,308.662
CUURS12ASEFV,"Food away from home",2020,7,2020-07-01,306.433
CUURS12ASEFV,"Food away from home",2020,8,2020-08-01,308.617
CUURS12ASEFV,"Food away from home",2020,9,2020-09-01,309.803
CUURS12ASEFV,"Food away from home",2020,10,2020-10-01,312.912
CUURS12ASEFV,"Food away from home",2020,11,2020-11-01,312.624
CUURS12ASEFV,"Food away from home",2020,12,2020-12-01,313.944
CUURS12ASEFV,"Food away from home",2021,1,2021-01-01,314.528
CUURS12ASEFV,"Food away from home",2021,2,2021-02-01,315.561
CUURS12ASEFV,"Food away from home",2021,3,2021-03-01,316.538
CUURS12ASEFV,"Food away from home",2021,4,2021-04-01,317.349
CUURS12ASEFV,"Food away from home",2021,5,2021-05-01,318.164
CUURS12ASEFV,"Food away from home",2021,6,2021-06-01,320.23
CUURS12ASEFV,"Food away from home",2021,7,2021-07-01,322.358
CUURS12ASEFV,"Food away from home",2021,8,2021-08-01,324.261
CUURS12ASEFV,"Food away from home",2021,9,2021-09-01,330.107
CUURS12ASEFV,"Food away from home",2021,10,2021-10-01,332.368
CUURS12ASEFV,"Food away from home",2021,11,2021-11-01,335.227
CUURS12ASEFV,"Food away from home",2021,12,2021-12-01,335.567
CUURS12ASEFV,"Food away from home",2022,1,2022-01-01,337.654
CUURS12ASEFV,"Food away from home",2022,2,2022-02-01,336.07
CUURS12ASEFV,"Food away from home",2022,3,2022-03-01,335.373
CUURS12ASEFV,"Food away from home",2022,4,2022-04-01,339.119
CUURS12ASEFV,"Food away from home",2022,5,2022-05-01,341.316
CUURS12ASEFV,"Food away from home",2022,6,2022-06-01,344.116
CUURS12ASEFV,"Food away from home",2022,7,2022-07-01,346.473
CUURS12ASEFV,"Food away from home",2022,8,2022-08-01,347.972
CUURS12ASEFV,"Food away from home",2022,9,2022-09-01,349.964
CUURS12ASEFV,"Food away from home",2022,10,2022-10-01,352.119
CUURS12ASEFV,"Food away from home",2022,11,2022-11-01,355.506
CUURS12ASEFV,"Food away from home",2022,12,2022-12-01,356.802
CUURS12ASEFV,"Food away from home",2023,1,2023-01-01,359.527
CUURS12ASEFV,"Food away from home",2023,2,2023-02-01,359.184
CUURS12ASEFV,"Food away from home",2023,3,2023-03-01,363.701
CUURS12ASEFV,"Food away from home",2023,4,2023-04-01,365.015
CUURS12ASEFV,"Food away from home",2023,5,2023-05-01,365.661
CUURS12ASEFV,"Food away from home",2023,6,2023-06-01,368.988
CUURS12ASEFV,"Food away from home",2023,7,2023-07-01,368.822
CUURS12ASEFV,"Food away from home",2023,8,2023-08-01,370.322
CUURS12ASEFV,"Food away from home",2023,9,2023-09-01,370.998
CUURS12ASEFV,"Food away from home",2023,10,2023-10-01,372.364
CUURS12ASEFV,"Food away from home",2023,11,2023-11-01,375.272
CUURS12ASEFV,"Food away from home",2023,12,2023-12-01,377.365
CUURS12ASEFV,"Food away from home",2024,1,2024-01-01,378.685
CUURS12ASEFV,"Food away from home",2024,2,2024-02-01,378.117
CUURS12ASEFV,"Food away from home",2024,3,2024-03-01,378.338
CUURS12ASEFV,"Food away from home",2024,4,2024-04-01,379.415
CUURS12ASEFV,"Food away from home",2024,5,2024-05-01,381.079
CUURS12ASEFV,"Food away from home",2024,6,2024-06-01,381.956
CUURS12ASEFV,"Food away from home",2024,7,2024-07-01,381.679
CUURS12ASEFV,"Food away from home",2024,8,2024-08-01,382.162
CUURS12ASEFV,"Food away from home",2024,9,2024-09-01,382.765
CUURS12ASEFV,"Food away from home",2024,10,2024-10-01,383.254
CUURS12ASEFV,"Food away from home",2024,11,2024-11-01,385.128
CUURS12ASEFV,"Food away from home",2024,12,2024-12-01,387.583
CUURS12ASEFV,"Food away from home",2025,1,2025-01-01,387.488
CUURS12ASEFV,"Food away from home",2025,2,2025-02-01,388.878
CUURS12ASEFV,"Food away from home",2025,3,2025-03-01,389.654
CUURS12ASEFV,"Food away from home",2025,4,2025-04-01,390.866
CUURS12ASEFV,"Food away from home",2025,5,2025-05-01,393.426
CUURS12ASEFV,"Food away from home",2025,6,2025-06-01,393.863
CUURS12ASEFV,"Food away from home",2025,7,2025-07-01,394.673
CUURS12ASEFV,"Food away from home",2025,8,2025-08-01,396.751
CUURS12ASEFV,"Food away from home",2025,9,2025-09-01,396.998
CUURS12ASEFV,"Food away from home",2025,11,2025-11-01,398.728
CUURS12ASEFV,"Food away from home",2025,12,2025-12-01,399.692
CUURS12ASEFV,"Food away from home",2026,1,2026-01-01,400.89
CUURS12ASEFV,"Food away from home",2026,2,2026-02-01,402.531
CUURS12ASEFV,"Food away from home",2026,3,2026-03-01,402.854
